-- INSERT SCRIPT GENERATED
INSERT INTO usuarios (id, username, password, rol, nombre_completo, sucursal, activo) VALUES
(1001, 'user_bulk_1', 'hash123', 'Administrador', 'Usuario Generico 1', 'Sucursal Centro', 1),
(1002, 'user_bulk_2', 'hash123', 'Administrador', 'Usuario Generico 2', 'Sucursal Centro', 1),
(1003, 'user_bulk_3', 'hash123', 'Administrador', 'Usuario Generico 3', 'Sucursal Centro', 1),
(1004, 'user_bulk_4', 'hash123', 'Gerente', 'Usuario Generico 4', 'Sucursal Centro', 1),
(1005, 'user_bulk_5', 'hash123', 'Gerente', 'Usuario Generico 5', 'Sucursal Centro', 1),
(1006, 'user_bulk_6', 'hash123', 'Cajero', 'Usuario Generico 6', 'Sucursal Centro', 1),
(1007, 'user_bulk_7', 'hash123', 'Gerente', 'Usuario Generico 7', 'Sucursal Centro', 1),
(1008, 'user_bulk_8', 'hash123', 'Gerente', 'Usuario Generico 8', 'Sucursal Centro', 1),
(1009, 'user_bulk_9', 'hash123', 'Cajero', 'Usuario Generico 9', 'Sucursal Centro', 1),
(1010, 'user_bulk_10', 'hash123', 'Cajero', 'Usuario Generico 10', 'Sucursal Centro', 1),
(1011, 'user_bulk_11', 'hash123', 'Cajero', 'Usuario Generico 11', 'Sucursal Centro', 1),
(1012, 'user_bulk_12', 'hash123', 'Administrador', 'Usuario Generico 12', 'Sucursal Centro', 1),
(1013, 'user_bulk_13', 'hash123', 'Cajero', 'Usuario Generico 13', 'Sucursal Centro', 1),
(1014, 'user_bulk_14', 'hash123', 'Cajero', 'Usuario Generico 14', 'Sucursal Centro', 1),
(1015, 'user_bulk_15', 'hash123', 'Cajero', 'Usuario Generico 15', 'Sucursal Centro', 1),
(1016, 'user_bulk_16', 'hash123', 'Cajero', 'Usuario Generico 16', 'Sucursal Centro', 1),
(1017, 'user_bulk_17', 'hash123', 'Gerente', 'Usuario Generico 17', 'Sucursal Centro', 1),
(1018, 'user_bulk_18', 'hash123', 'Cajero', 'Usuario Generico 18', 'Sucursal Centro', 1),
(1019, 'user_bulk_19', 'hash123', 'Cajero', 'Usuario Generico 19', 'Sucursal Centro', 1),
(1020, 'user_bulk_20', 'hash123', 'Administrador', 'Usuario Generico 20', 'Sucursal Centro', 1),
(1021, 'user_bulk_21', 'hash123', 'Cajero', 'Usuario Generico 21', 'Sucursal Centro', 1),
(1022, 'user_bulk_22', 'hash123', 'Gerente', 'Usuario Generico 22', 'Sucursal Centro', 1),
(1023, 'user_bulk_23', 'hash123', 'Administrador', 'Usuario Generico 23', 'Sucursal Centro', 1),
(1024, 'user_bulk_24', 'hash123', 'Gerente', 'Usuario Generico 24', 'Sucursal Centro', 1),
(1025, 'user_bulk_25', 'hash123', 'Administrador', 'Usuario Generico 25', 'Sucursal Centro', 1),
(1026, 'user_bulk_26', 'hash123', 'Gerente', 'Usuario Generico 26', 'Sucursal Centro', 1),
(1027, 'user_bulk_27', 'hash123', 'Cajero', 'Usuario Generico 27', 'Sucursal Centro', 1),
(1028, 'user_bulk_28', 'hash123', 'Administrador', 'Usuario Generico 28', 'Sucursal Centro', 1),
(1029, 'user_bulk_29', 'hash123', 'Administrador', 'Usuario Generico 29', 'Sucursal Centro', 1),
(1030, 'user_bulk_30', 'hash123', 'Cajero', 'Usuario Generico 30', 'Sucursal Centro', 1),
(1031, 'user_bulk_31', 'hash123', 'Gerente', 'Usuario Generico 31', 'Sucursal Centro', 1),
(1032, 'user_bulk_32', 'hash123', 'Cajero', 'Usuario Generico 32', 'Sucursal Centro', 1),
(1033, 'user_bulk_33', 'hash123', 'Gerente', 'Usuario Generico 33', 'Sucursal Centro', 1),
(1034, 'user_bulk_34', 'hash123', 'Administrador', 'Usuario Generico 34', 'Sucursal Centro', 1),
(1035, 'user_bulk_35', 'hash123', 'Gerente', 'Usuario Generico 35', 'Sucursal Centro', 1),
(1036, 'user_bulk_36', 'hash123', 'Cajero', 'Usuario Generico 36', 'Sucursal Centro', 1),
(1037, 'user_bulk_37', 'hash123', 'Administrador', 'Usuario Generico 37', 'Sucursal Centro', 1),
(1038, 'user_bulk_38', 'hash123', 'Administrador', 'Usuario Generico 38', 'Sucursal Centro', 1),
(1039, 'user_bulk_39', 'hash123', 'Cajero', 'Usuario Generico 39', 'Sucursal Centro', 1),
(1040, 'user_bulk_40', 'hash123', 'Administrador', 'Usuario Generico 40', 'Sucursal Centro', 1),
(1041, 'user_bulk_41', 'hash123', 'Gerente', 'Usuario Generico 41', 'Sucursal Centro', 1),
(1042, 'user_bulk_42', 'hash123', 'Administrador', 'Usuario Generico 42', 'Sucursal Centro', 1),
(1043, 'user_bulk_43', 'hash123', 'Gerente', 'Usuario Generico 43', 'Sucursal Centro', 1),
(1044, 'user_bulk_44', 'hash123', 'Administrador', 'Usuario Generico 44', 'Sucursal Centro', 1),
(1045, 'user_bulk_45', 'hash123', 'Gerente', 'Usuario Generico 45', 'Sucursal Centro', 1),
(1046, 'user_bulk_46', 'hash123', 'Cajero', 'Usuario Generico 46', 'Sucursal Centro', 1),
(1047, 'user_bulk_47', 'hash123', 'Gerente', 'Usuario Generico 47', 'Sucursal Centro', 1),
(1048, 'user_bulk_48', 'hash123', 'Cajero', 'Usuario Generico 48', 'Sucursal Centro', 1),
(1049, 'user_bulk_49', 'hash123', 'Administrador', 'Usuario Generico 49', 'Sucursal Centro', 1),
(1050, 'user_bulk_50', 'hash123', 'Gerente', 'Usuario Generico 50', 'Sucursal Centro', 1);

INSERT INTO proveedores (id, nombre, contacto, telefono, rfc, activo) VALUES
(1001, 'Proveedor Masivo 1 S.A.', 'Contacto 1', '555-000-0001', 'PROV000001XYZ', 1),
(1002, 'Proveedor Masivo 2 S.A.', 'Contacto 2', '555-000-0002', 'PROV000002XYZ', 1),
(1003, 'Proveedor Masivo 3 S.A.', 'Contacto 3', '555-000-0003', 'PROV000003XYZ', 1),
(1004, 'Proveedor Masivo 4 S.A.', 'Contacto 4', '555-000-0004', 'PROV000004XYZ', 1),
(1005, 'Proveedor Masivo 5 S.A.', 'Contacto 5', '555-000-0005', 'PROV000005XYZ', 1),
(1006, 'Proveedor Masivo 6 S.A.', 'Contacto 6', '555-000-0006', 'PROV000006XYZ', 1),
(1007, 'Proveedor Masivo 7 S.A.', 'Contacto 7', '555-000-0007', 'PROV000007XYZ', 1),
(1008, 'Proveedor Masivo 8 S.A.', 'Contacto 8', '555-000-0008', 'PROV000008XYZ', 1),
(1009, 'Proveedor Masivo 9 S.A.', 'Contacto 9', '555-000-0009', 'PROV000009XYZ', 1),
(1010, 'Proveedor Masivo 10 S.A.', 'Contacto 10', '555-000-0010', 'PROV000010XYZ', 1),
(1011, 'Proveedor Masivo 11 S.A.', 'Contacto 11', '555-000-0011', 'PROV000011XYZ', 1),
(1012, 'Proveedor Masivo 12 S.A.', 'Contacto 12', '555-000-0012', 'PROV000012XYZ', 1),
(1013, 'Proveedor Masivo 13 S.A.', 'Contacto 13', '555-000-0013', 'PROV000013XYZ', 1),
(1014, 'Proveedor Masivo 14 S.A.', 'Contacto 14', '555-000-0014', 'PROV000014XYZ', 1),
(1015, 'Proveedor Masivo 15 S.A.', 'Contacto 15', '555-000-0015', 'PROV000015XYZ', 1),
(1016, 'Proveedor Masivo 16 S.A.', 'Contacto 16', '555-000-0016', 'PROV000016XYZ', 1),
(1017, 'Proveedor Masivo 17 S.A.', 'Contacto 17', '555-000-0017', 'PROV000017XYZ', 1),
(1018, 'Proveedor Masivo 18 S.A.', 'Contacto 18', '555-000-0018', 'PROV000018XYZ', 1),
(1019, 'Proveedor Masivo 19 S.A.', 'Contacto 19', '555-000-0019', 'PROV000019XYZ', 1),
(1020, 'Proveedor Masivo 20 S.A.', 'Contacto 20', '555-000-0020', 'PROV000020XYZ', 1),
(1021, 'Proveedor Masivo 21 S.A.', 'Contacto 21', '555-000-0021', 'PROV000021XYZ', 1),
(1022, 'Proveedor Masivo 22 S.A.', 'Contacto 22', '555-000-0022', 'PROV000022XYZ', 1),
(1023, 'Proveedor Masivo 23 S.A.', 'Contacto 23', '555-000-0023', 'PROV000023XYZ', 1),
(1024, 'Proveedor Masivo 24 S.A.', 'Contacto 24', '555-000-0024', 'PROV000024XYZ', 1),
(1025, 'Proveedor Masivo 25 S.A.', 'Contacto 25', '555-000-0025', 'PROV000025XYZ', 1),
(1026, 'Proveedor Masivo 26 S.A.', 'Contacto 26', '555-000-0026', 'PROV000026XYZ', 1),
(1027, 'Proveedor Masivo 27 S.A.', 'Contacto 27', '555-000-0027', 'PROV000027XYZ', 1),
(1028, 'Proveedor Masivo 28 S.A.', 'Contacto 28', '555-000-0028', 'PROV000028XYZ', 1),
(1029, 'Proveedor Masivo 29 S.A.', 'Contacto 29', '555-000-0029', 'PROV000029XYZ', 1),
(1030, 'Proveedor Masivo 30 S.A.', 'Contacto 30', '555-000-0030', 'PROV000030XYZ', 1),
(1031, 'Proveedor Masivo 31 S.A.', 'Contacto 31', '555-000-0031', 'PROV000031XYZ', 1),
(1032, 'Proveedor Masivo 32 S.A.', 'Contacto 32', '555-000-0032', 'PROV000032XYZ', 1),
(1033, 'Proveedor Masivo 33 S.A.', 'Contacto 33', '555-000-0033', 'PROV000033XYZ', 1),
(1034, 'Proveedor Masivo 34 S.A.', 'Contacto 34', '555-000-0034', 'PROV000034XYZ', 1),
(1035, 'Proveedor Masivo 35 S.A.', 'Contacto 35', '555-000-0035', 'PROV000035XYZ', 1),
(1036, 'Proveedor Masivo 36 S.A.', 'Contacto 36', '555-000-0036', 'PROV000036XYZ', 1),
(1037, 'Proveedor Masivo 37 S.A.', 'Contacto 37', '555-000-0037', 'PROV000037XYZ', 1),
(1038, 'Proveedor Masivo 38 S.A.', 'Contacto 38', '555-000-0038', 'PROV000038XYZ', 1),
(1039, 'Proveedor Masivo 39 S.A.', 'Contacto 39', '555-000-0039', 'PROV000039XYZ', 1),
(1040, 'Proveedor Masivo 40 S.A.', 'Contacto 40', '555-000-0040', 'PROV000040XYZ', 1),
(1041, 'Proveedor Masivo 41 S.A.', 'Contacto 41', '555-000-0041', 'PROV000041XYZ', 1),
(1042, 'Proveedor Masivo 42 S.A.', 'Contacto 42', '555-000-0042', 'PROV000042XYZ', 1),
(1043, 'Proveedor Masivo 43 S.A.', 'Contacto 43', '555-000-0043', 'PROV000043XYZ', 1),
(1044, 'Proveedor Masivo 44 S.A.', 'Contacto 44', '555-000-0044', 'PROV000044XYZ', 1),
(1045, 'Proveedor Masivo 45 S.A.', 'Contacto 45', '555-000-0045', 'PROV000045XYZ', 1),
(1046, 'Proveedor Masivo 46 S.A.', 'Contacto 46', '555-000-0046', 'PROV000046XYZ', 1),
(1047, 'Proveedor Masivo 47 S.A.', 'Contacto 47', '555-000-0047', 'PROV000047XYZ', 1),
(1048, 'Proveedor Masivo 48 S.A.', 'Contacto 48', '555-000-0048', 'PROV000048XYZ', 1),
(1049, 'Proveedor Masivo 49 S.A.', 'Contacto 49', '555-000-0049', 'PROV000049XYZ', 1),
(1050, 'Proveedor Masivo 50 S.A.', 'Contacto 50', '555-000-0050', 'PROV000050XYZ', 1);

INSERT INTO categorias_producto (id, name, slug) VALUES
(1001, 'Categoria Extra 1', 'cat-extra-1'),
(1002, 'Categoria Extra 2', 'cat-extra-2'),
(1003, 'Categoria Extra 3', 'cat-extra-3'),
(1004, 'Categoria Extra 4', 'cat-extra-4'),
(1005, 'Categoria Extra 5', 'cat-extra-5'),
(1006, 'Categoria Extra 6', 'cat-extra-6'),
(1007, 'Categoria Extra 7', 'cat-extra-7'),
(1008, 'Categoria Extra 8', 'cat-extra-8'),
(1009, 'Categoria Extra 9', 'cat-extra-9'),
(1010, 'Categoria Extra 10', 'cat-extra-10'),
(1011, 'Categoria Extra 11', 'cat-extra-11'),
(1012, 'Categoria Extra 12', 'cat-extra-12'),
(1013, 'Categoria Extra 13', 'cat-extra-13'),
(1014, 'Categoria Extra 14', 'cat-extra-14'),
(1015, 'Categoria Extra 15', 'cat-extra-15'),
(1016, 'Categoria Extra 16', 'cat-extra-16'),
(1017, 'Categoria Extra 17', 'cat-extra-17'),
(1018, 'Categoria Extra 18', 'cat-extra-18'),
(1019, 'Categoria Extra 19', 'cat-extra-19'),
(1020, 'Categoria Extra 20', 'cat-extra-20'),
(1021, 'Categoria Extra 21', 'cat-extra-21'),
(1022, 'Categoria Extra 22', 'cat-extra-22'),
(1023, 'Categoria Extra 23', 'cat-extra-23'),
(1024, 'Categoria Extra 24', 'cat-extra-24'),
(1025, 'Categoria Extra 25', 'cat-extra-25'),
(1026, 'Categoria Extra 26', 'cat-extra-26'),
(1027, 'Categoria Extra 27', 'cat-extra-27'),
(1028, 'Categoria Extra 28', 'cat-extra-28'),
(1029, 'Categoria Extra 29', 'cat-extra-29'),
(1030, 'Categoria Extra 30', 'cat-extra-30'),
(1031, 'Categoria Extra 31', 'cat-extra-31'),
(1032, 'Categoria Extra 32', 'cat-extra-32'),
(1033, 'Categoria Extra 33', 'cat-extra-33'),
(1034, 'Categoria Extra 34', 'cat-extra-34'),
(1035, 'Categoria Extra 35', 'cat-extra-35'),
(1036, 'Categoria Extra 36', 'cat-extra-36'),
(1037, 'Categoria Extra 37', 'cat-extra-37'),
(1038, 'Categoria Extra 38', 'cat-extra-38'),
(1039, 'Categoria Extra 39', 'cat-extra-39'),
(1040, 'Categoria Extra 40', 'cat-extra-40'),
(1041, 'Categoria Extra 41', 'cat-extra-41'),
(1042, 'Categoria Extra 42', 'cat-extra-42'),
(1043, 'Categoria Extra 43', 'cat-extra-43'),
(1044, 'Categoria Extra 44', 'cat-extra-44'),
(1045, 'Categoria Extra 45', 'cat-extra-45'),
(1046, 'Categoria Extra 46', 'cat-extra-46'),
(1047, 'Categoria Extra 47', 'cat-extra-47'),
(1048, 'Categoria Extra 48', 'cat-extra-48'),
(1049, 'Categoria Extra 49', 'cat-extra-49'),
(1050, 'Categoria Extra 50', 'cat-extra-50');

INSERT INTO productos (id, nombre, categoria_id, codigo_barras, precio, stock, stock_minimo, unidad) VALUES
(1001, 'Producto Masivo 1', 1019, '750590603395', 97.01, 141, 10, 'pzas'),
(1002, 'Producto Masivo 2', 1028, '750775129836', 37.64, 109, 12, 'pzas'),
(1003, 'Producto Masivo 3', 1046, '750514775802', 19.93, 94, 19, 'pzas'),
(1004, 'Producto Masivo 4', 1032, '750524094074', 63.3, 194, 9, 'pzas'),
(1005, 'Producto Masivo 5', 1025, '750971804695', 24.88, 171, 11, 'pzas'),
(1006, 'Producto Masivo 6', 1017, '750580037615', 0.67, 174, 12, 'pzas'),
(1007, 'Producto Masivo 7', 1013, '750887586265', 82.6, 146, 14, 'pzas'),
(1008, 'Producto Masivo 8', 1021, '750824735101', 10.89, 146, 12, 'pzas'),
(1009, 'Producto Masivo 9', 1019, '750504292491', 21.72, 181, 8, 'pzas'),
(1010, 'Producto Masivo 10', 1006, '750949990745', 10.05, 142, 14, 'pzas'),
(1011, 'Producto Masivo 11', 1023, '750112921507', 37.19, 72, 20, 'pzas'),
(1012, 'Producto Masivo 12', 1001, '750763386698', 57.51, 146, 11, 'pzas'),
(1013, 'Producto Masivo 13', 1011, '750827137307', 8.11, 82, 17, 'pzas'),
(1014, 'Producto Masivo 14', 1022, '750306881590', 49.82, 125, 7, 'pzas'),
(1015, 'Producto Masivo 15', 1034, '750490596189', 61.07, 77, 11, 'pzas'),
(1016, 'Producto Masivo 16', 1001, '750625663541', 76.88, 182, 18, 'pzas'),
(1017, 'Producto Masivo 17', 1041, '750811963349', 39.85, 57, 10, 'pzas'),
(1018, 'Producto Masivo 18', 1050, '750993186093', 78.26, 105, 20, 'pzas'),
(1019, 'Producto Masivo 19', 1039, '750535628750', 52.71, 58, 19, 'pzas'),
(1020, 'Producto Masivo 20', 1031, '750149452156', 6.96, 99, 7, 'pzas'),
(1021, 'Producto Masivo 21', 1039, '750989913058', 85.47, 156, 14, 'pzas'),
(1022, 'Producto Masivo 22', 1026, '750955664332', 84.23, 73, 6, 'pzas'),
(1023, 'Producto Masivo 23', 1047, '750523641509', 52.16, 130, 13, 'pzas'),
(1024, 'Producto Masivo 24', 1028, '750587315650', 8.43, 83, 9, 'pzas'),
(1025, 'Producto Masivo 25', 1009, '750977777412', 66.85, 89, 9, 'pzas'),
(1026, 'Producto Masivo 26', 1042, '750363716093', 72.16, 95, 20, 'pzas'),
(1027, 'Producto Masivo 27', 1039, '750746760606', 69.55, 180, 5, 'pzas'),
(1028, 'Producto Masivo 28', 1016, '750371048493', 5.33, 159, 16, 'pzas'),
(1029, 'Producto Masivo 29', 1024, '750991523829', 87.21, 198, 18, 'pzas'),
(1030, 'Producto Masivo 30', 1005, '750464820018', 45.41, 69, 10, 'pzas'),
(1031, 'Producto Masivo 31', 1008, '750468966445', 77.7, 189, 6, 'pzas'),
(1032, 'Producto Masivo 32', 1044, '750845871276', 15.27, 85, 19, 'pzas'),
(1033, 'Producto Masivo 33', 1009, '750961937849', 83.56, 152, 8, 'pzas'),
(1034, 'Producto Masivo 34', 1011, '750761540888', 45.95, 187, 20, 'pzas'),
(1035, 'Producto Masivo 35', 1034, '750219871022', 37.61, 129, 7, 'pzas'),
(1036, 'Producto Masivo 36', 1018, '750172082082', 98.23, 184, 7, 'pzas'),
(1037, 'Producto Masivo 37', 1014, '750949425731', 8.04, 153, 14, 'pzas'),
(1038, 'Producto Masivo 38', 1031, '750265111362', 75.96, 67, 11, 'pzas'),
(1039, 'Producto Masivo 39', 1045, '750155548939', 31.21, 62, 17, 'pzas'),
(1040, 'Producto Masivo 40', 1008, '750407187288', 47.53, 167, 7, 'pzas'),
(1041, 'Producto Masivo 41', 1027, '750146606920', 49.28, 123, 14, 'pzas'),
(1042, 'Producto Masivo 42', 1020, '750158300639', 0.26, 177, 8, 'pzas'),
(1043, 'Producto Masivo 43', 1042, '750408550643', 94.64, 149, 11, 'pzas'),
(1044, 'Producto Masivo 44', 1047, '750312813701', 66.87, 114, 18, 'pzas'),
(1045, 'Producto Masivo 45', 1050, '750553047034', 9.32, 142, 18, 'pzas'),
(1046, 'Producto Masivo 46', 1023, '750145138388', 22.61, 127, 15, 'pzas'),
(1047, 'Producto Masivo 47', 1007, '750382525146', 29.53, 164, 16, 'pzas'),
(1048, 'Producto Masivo 48', 1042, '750191718229', 8.42, 85, 19, 'pzas'),
(1049, 'Producto Masivo 49', 1040, '750853917205', 71.71, 77, 19, 'pzas'),
(1050, 'Producto Masivo 50', 1036, '750447372068', 54.99, 98, 8, 'pzas');

INSERT INTO caja_turnos (id, usuario_id, fecha_inicio, fecha_fin, saldo_inicial, estado) VALUES
(1001, 1012, '2026-03-13 04:28:07', '2026-03-13 14:28:07', 581, 'Cerrado'),
(1002, 1021, '2026-05-19 06:16:51', '2026-05-19 16:16:51', 1800, 'Cerrado'),
(1003, 1007, '2026-04-20 21:04:17', '2026-04-21 03:04:17', 776, 'Cerrado'),
(1004, 1040, '2026-05-02 21:11:27', '2026-05-03 01:11:27', 1378, 'Cerrado'),
(1005, 1023, '2026-03-03 11:13:27', '2026-03-03 22:13:27', 1746, 'Cerrado'),
(1006, 1035, '2026-05-27 02:37:39', '2026-05-27 13:37:39', 1219, 'Cerrado'),
(1007, 1015, '2026-06-03 17:29:48', '2026-06-03 22:29:48', 1481, 'Cerrado'),
(1008, 1035, '2026-06-01 02:27:29', '2026-06-01 14:27:29', 1016, 'Cerrado'),
(1009, 1032, '2026-04-18 00:59:22', '2026-04-18 04:59:22', 1822, 'Cerrado'),
(1010, 1030, '2026-04-14 09:09:47', '2026-04-14 15:09:47', 1240, 'Cerrado'),
(1011, 1049, '2026-05-24 04:34:35', '2026-05-24 15:34:35', 1589, 'Cerrado'),
(1012, 1045, '2026-03-30 15:48:38', '2026-03-30 22:48:38', 1823, 'Cerrado'),
(1013, 1009, '2026-03-15 03:46:57', '2026-03-15 09:46:57', 676, 'Cerrado'),
(1014, 1006, '2026-05-24 21:09:43', '2026-05-25 03:09:43', 1850, 'Cerrado'),
(1015, 1030, '2026-04-02 07:34:01', '2026-04-02 18:34:01', 1316, 'Cerrado'),
(1016, 1003, '2026-03-03 10:01:26', '2026-03-03 18:01:26', 570, 'Cerrado'),
(1017, 1030, '2026-05-14 08:24:27', '2026-05-14 20:24:27', 861, 'Cerrado'),
(1018, 1031, '2026-05-29 15:51:57', '2026-05-29 23:51:57', 615, 'Cerrado'),
(1019, 1017, '2026-04-02 17:04:52', '2026-04-02 21:04:52', 1142, 'Cerrado'),
(1020, 1044, '2026-03-20 00:58:02', '2026-03-20 09:58:02', 1309, 'Cerrado'),
(1021, 1017, '2026-03-02 00:57:14', '2026-03-02 07:57:14', 699, 'Cerrado'),
(1022, 1048, '2026-04-07 17:29:20', '2026-04-08 01:29:20', 1663, 'Cerrado'),
(1023, 1031, '2026-04-24 13:55:29', '2026-04-24 18:55:29', 682, 'Cerrado'),
(1024, 1024, '2026-04-24 22:59:39', '2026-04-25 08:59:39', 776, 'Cerrado'),
(1025, 1047, '2026-04-18 08:31:28', '2026-04-18 14:31:28', 1027, 'Cerrado'),
(1026, 1036, '2026-05-17 05:59:18', '2026-05-17 12:59:18', 1539, 'Cerrado'),
(1027, 1022, '2026-04-08 13:55:45', '2026-04-08 22:55:45', 860, 'Cerrado'),
(1028, 1033, '2026-03-29 15:11:46', '2026-03-29 20:11:46', 681, 'Cerrado'),
(1029, 1028, '2026-05-20 13:08:16', '2026-05-20 20:08:16', 925, 'Cerrado'),
(1030, 1032, '2026-04-26 03:22:01', '2026-04-26 14:22:01', 1852, 'Cerrado'),
(1031, 1001, '2026-04-27 02:19:08', '2026-04-27 13:19:08', 1479, 'Cerrado'),
(1032, 1002, '2026-03-20 19:10:20', '2026-03-21 04:10:20', 1682, 'Cerrado'),
(1033, 1031, '2026-05-24 04:59:50', '2026-05-24 16:59:50', 1997, 'Cerrado'),
(1034, 1001, '2026-03-16 08:01:30', '2026-03-16 12:01:30', 1620, 'Cerrado'),
(1035, 1008, '2026-04-01 11:32:00', '2026-04-01 16:32:00', 1469, 'Cerrado'),
(1036, 1011, '2026-04-12 18:17:26', '2026-04-13 00:17:26', 673, 'Cerrado'),
(1037, 1005, '2026-04-30 15:33:58', '2026-05-01 02:33:58', 1856, 'Cerrado'),
(1038, 1008, '2026-04-03 09:40:27', '2026-04-03 15:40:27', 1522, 'Cerrado'),
(1039, 1019, '2026-04-06 00:52:23', '2026-04-06 12:52:23', 1610, 'Cerrado'),
(1040, 1025, '2026-04-25 02:28:30', '2026-04-25 09:28:30', 583, 'Cerrado'),
(1041, 1021, '2026-04-17 07:16:33', '2026-04-17 17:16:33', 1227, 'Cerrado'),
(1042, 1042, '2026-04-01 02:29:05', '2026-04-01 13:29:05', 1644, 'Cerrado'),
(1043, 1037, '2026-05-27 18:14:03', '2026-05-28 05:14:03', 1394, 'Cerrado'),
(1044, 1048, '2026-05-17 05:59:49', '2026-05-17 11:59:49', 1726, 'Cerrado'),
(1045, 1008, '2026-04-14 07:36:28', '2026-04-14 12:36:28', 1063, 'Cerrado'),
(1046, 1035, '2026-03-15 06:52:30', '2026-03-15 12:52:30', 709, 'Cerrado'),
(1047, 1020, '2026-04-11 03:00:04', '2026-04-11 09:00:04', 527, 'Cerrado'),
(1048, 1030, '2026-05-07 07:39:17', '2026-05-07 12:39:17', 840, 'Cerrado'),
(1049, 1027, '2026-03-13 13:20:32', '2026-03-13 21:20:32', 754, 'Cerrado'),
(1050, 1004, '2026-04-24 01:05:48', '2026-04-24 09:05:48', 937, 'Cerrado');

INSERT INTO ventas (id, turno_id, metodo_pago, total, cantidad_recibida, cambio, estado, fecha_hora) VALUES
(1001, 1034, 'Efectivo', 61, 61, 0, 'Pagado', '2026-03-13 04:30:23'),
(1002, 1008, 'Efectivo', 772, 772, 0, 'Pagado', '2026-05-19 20:18:16'),
(1003, 1038, 'Efectivo', 333, 333, 0, 'Pagado', '2026-03-28 03:00:03'),
(1004, 1016, 'Efectivo', 585, 585, 0, 'Pagado', '2026-05-23 08:49:07'),
(1005, 1045, 'Efectivo', 791, 791, 0, 'Pagado', '2026-03-28 07:11:56'),
(1006, 1024, 'Efectivo', 465, 465, 0, 'Pagado', '2026-03-07 03:09:50'),
(1007, 1041, 'Efectivo', 1240, 1240, 0, 'Pagado', '2026-05-28 02:02:15'),
(1008, 1033, 'Efectivo', 260, 260, 0, 'Pagado', '2026-04-19 17:52:09'),
(1009, 1046, 'Efectivo', 642, 642, 0, 'Pagado', '2026-05-22 12:30:14'),
(1010, 1030, 'Efectivo', 332, 332, 0, 'Pagado', '2026-03-06 06:08:39'),
(1011, 1018, 'Efectivo', 59, 59, 0, 'Pagado', '2026-05-19 22:37:28'),
(1012, 1042, 'Efectivo', 220, 220, 0, 'Pagado', '2026-03-27 17:56:50'),
(1013, 1025, 'Efectivo', 738, 738, 0, 'Pagado', '2026-05-15 17:15:15'),
(1014, 1034, 'Efectivo', 301, 301, 0, 'Pagado', '2026-05-04 05:24:58'),
(1015, 1012, 'Efectivo', 919, 919, 0, 'Pagado', '2026-03-19 12:42:50'),
(1016, 1040, 'Efectivo', 751, 751, 0, 'Pagado', '2026-04-17 16:10:18'),
(1017, 1025, 'Efectivo', 615, 615, 0, 'Pagado', '2026-05-04 10:26:47'),
(1018, 1010, 'Efectivo', 338, 338, 0, 'Pagado', '2026-04-28 14:48:55'),
(1019, 1031, 'Efectivo', 766, 766, 0, 'Pagado', '2026-04-18 07:38:44'),
(1020, 1009, 'Efectivo', 60, 60, 0, 'Pagado', '2026-04-16 13:58:22'),
(1021, 1044, 'Efectivo', 527, 527, 0, 'Pagado', '2026-05-22 19:58:07'),
(1022, 1040, 'Efectivo', 284, 284, 0, 'Pagado', '2026-06-06 02:40:14'),
(1023, 1014, 'Efectivo', 445, 445, 0, 'Pagado', '2026-03-02 23:03:42'),
(1024, 1040, 'Efectivo', 674, 674, 0, 'Pagado', '2026-05-24 18:53:38'),
(1025, 1028, 'Efectivo', 655, 655, 0, 'Pagado', '2026-04-22 13:51:22'),
(1026, 1003, 'Efectivo', 466, 466, 0, 'Pagado', '2026-03-21 07:50:42'),
(1027, 1031, 'Efectivo', 334, 334, 0, 'Pagado', '2026-03-28 21:10:40'),
(1028, 1037, 'Efectivo', 822, 822, 0, 'Pagado', '2026-04-23 12:11:32'),
(1029, 1038, 'Efectivo', 168, 168, 0, 'Pagado', '2026-03-23 23:12:27'),
(1030, 1047, 'Efectivo', 697, 697, 0, 'Pagado', '2026-04-22 08:41:38'),
(1031, 1003, 'Efectivo', 448, 448, 0, 'Pagado', '2026-05-14 10:55:48'),
(1032, 1008, 'Efectivo', 327, 327, 0, 'Pagado', '2026-05-03 06:57:20'),
(1033, 1019, 'Efectivo', 798, 798, 0, 'Pagado', '2026-04-23 09:34:34'),
(1034, 1038, 'Efectivo', 643, 643, 0, 'Pagado', '2026-04-04 02:55:40'),
(1035, 1014, 'Efectivo', 610, 610, 0, 'Pagado', '2026-04-27 14:06:29'),
(1036, 1001, 'Efectivo', 33, 33, 0, 'Pagado', '2026-05-06 08:54:05'),
(1037, 1049, 'Efectivo', 329, 329, 0, 'Pagado', '2026-04-17 03:14:39'),
(1038, 1048, 'Efectivo', 492, 492, 0, 'Pagado', '2026-03-04 19:55:54'),
(1039, 1014, 'Efectivo', 595, 595, 0, 'Pagado', '2026-03-14 16:46:32'),
(1040, 1010, 'Efectivo', 656, 656, 0, 'Pagado', '2026-05-23 13:10:53'),
(1041, 1024, 'Efectivo', 326, 326, 0, 'Pagado', '2026-05-01 04:49:51'),
(1042, 1043, 'Efectivo', 690, 690, 0, 'Pagado', '2026-06-06 10:03:26'),
(1043, 1049, 'Efectivo', 443, 443, 0, 'Pagado', '2026-03-27 16:08:23'),
(1044, 1039, 'Efectivo', 459, 459, 0, 'Pagado', '2026-05-31 18:02:43'),
(1045, 1048, 'Efectivo', 617, 617, 0, 'Pagado', '2026-03-09 22:59:09'),
(1046, 1018, 'Efectivo', 944, 944, 0, 'Pagado', '2026-03-22 22:55:32'),
(1047, 1042, 'Efectivo', 382, 382, 0, 'Pagado', '2026-04-04 07:05:12'),
(1048, 1046, 'Efectivo', 647, 647, 0, 'Pagado', '2026-03-21 03:54:08'),
(1049, 1032, 'Efectivo', 332, 332, 0, 'Pagado', '2026-05-23 22:54:14'),
(1050, 1027, 'Efectivo', 578, 578, 0, 'Pagado', '2026-04-20 15:49:11');

INSERT INTO venta_detalles (id, venta_id, producto_id, cantidad, precio_unitario, subtotal) VALUES
(1001, 1001, 1031, 1, 61, 61),
(1002, 1002, 1028, 5, 93, 465),
(1003, 1002, 1044, 2, 72, 144),
(1004, 1002, 1044, 1, 34, 34),
(1005, 1002, 1034, 3, 34, 102),
(1006, 1002, 1018, 1, 27, 27),
(1007, 1003, 1014, 4, 19, 76),
(1008, 1003, 1038, 1, 11, 11),
(1009, 1003, 1005, 3, 82, 246),
(1010, 1004, 1029, 1, 82, 82),
(1011, 1004, 1026, 3, 40, 120),
(1012, 1004, 1032, 4, 71, 284),
(1013, 1004, 1027, 1, 99, 99),
(1014, 1005, 1048, 5, 79, 395),
(1015, 1005, 1022, 2, 31, 62),
(1016, 1005, 1011, 2, 26, 52),
(1017, 1005, 1002, 1, 14, 14),
(1018, 1005, 1026, 4, 67, 268),
(1019, 1006, 1024, 4, 61, 244),
(1020, 1006, 1026, 1, 49, 49),
(1021, 1006, 1004, 4, 11, 44),
(1022, 1006, 1011, 1, 18, 18),
(1023, 1006, 1017, 5, 22, 110),
(1024, 1007, 1035, 5, 17, 85),
(1025, 1007, 1001, 2, 82, 164),
(1026, 1007, 1035, 5, 93, 465),
(1027, 1007, 1036, 3, 67, 201),
(1028, 1007, 1020, 5, 65, 325),
(1029, 1008, 1020, 1, 66, 66),
(1030, 1008, 1007, 2, 97, 194),
(1031, 1009, 1048, 4, 97, 388),
(1032, 1009, 1043, 3, 28, 84),
(1033, 1009, 1039, 4, 11, 44),
(1034, 1009, 1013, 2, 63, 126),
(1035, 1010, 1016, 1, 37, 37),
(1036, 1010, 1045, 1, 48, 48),
(1037, 1010, 1042, 1, 50, 50),
(1038, 1010, 1028, 2, 64, 128),
(1039, 1010, 1040, 3, 23, 69),
(1040, 1011, 1015, 1, 17, 17),
(1041, 1011, 1028, 2, 21, 42),
(1042, 1012, 1024, 2, 31, 62),
(1043, 1012, 1033, 4, 33, 132),
(1044, 1012, 1050, 1, 26, 26),
(1045, 1013, 1037, 1, 43, 43),
(1046, 1013, 1021, 5, 59, 295),
(1047, 1013, 1039, 4, 24, 96),
(1048, 1013, 1025, 4, 76, 304),
(1049, 1014, 1019, 3, 37, 111),
(1050, 1014, 1009, 1, 16, 16),
(1051, 1014, 1012, 2, 45, 90),
(1052, 1014, 1019, 1, 56, 56),
(1053, 1014, 1025, 1, 28, 28),
(1054, 1015, 1020, 5, 62, 310),
(1055, 1015, 1042, 4, 62, 248),
(1056, 1015, 1019, 1, 86, 86),
(1057, 1015, 1007, 2, 61, 122),
(1058, 1015, 1036, 3, 51, 153),
(1059, 1016, 1023, 2, 53, 106),
(1060, 1016, 1035, 2, 60, 120),
(1061, 1016, 1031, 5, 27, 135),
(1062, 1016, 1024, 1, 40, 40),
(1063, 1016, 1041, 5, 70, 350),
(1064, 1017, 1035, 1, 60, 60),
(1065, 1017, 1025, 1, 75, 75),
(1066, 1017, 1023, 3, 20, 60),
(1067, 1017, 1042, 5, 84, 420),
(1068, 1018, 1004, 1, 93, 93),
(1069, 1018, 1038, 5, 49, 245),
(1070, 1019, 1001, 5, 44, 220),
(1071, 1019, 1001, 2, 75, 150),
(1072, 1019, 1016, 2, 52, 104),
(1073, 1019, 1013, 4, 57, 228),
(1074, 1019, 1043, 1, 64, 64),
(1075, 1020, 1010, 2, 30, 60),
(1076, 1021, 1008, 5, 44, 220),
(1077, 1021, 1009, 1, 71, 71),
(1078, 1021, 1003, 4, 28, 112),
(1079, 1021, 1014, 2, 62, 124),
(1080, 1022, 1040, 4, 71, 284),
(1081, 1023, 1020, 5, 89, 445),
(1082, 1024, 1030, 3, 58, 174),
(1083, 1024, 1021, 5, 100, 500),
(1084, 1025, 1002, 2, 60, 120),
(1085, 1025, 1004, 4, 24, 96),
(1086, 1025, 1008, 4, 67, 268),
(1087, 1025, 1016, 3, 33, 99),
(1088, 1025, 1036, 3, 24, 72),
(1089, 1026, 1021, 1, 67, 67),
(1090, 1026, 1037, 1, 24, 24),
(1091, 1026, 1023, 3, 38, 114),
(1092, 1026, 1016, 5, 43, 215),
(1093, 1026, 1017, 1, 46, 46),
(1094, 1027, 1038, 1, 100, 100),
(1095, 1027, 1028, 3, 78, 234),
(1096, 1028, 1014, 4, 86, 344),
(1097, 1028, 1024, 2, 89, 178),
(1098, 1028, 1040, 4, 69, 276),
(1099, 1028, 1033, 2, 12, 24),
(1100, 1029, 1048, 4, 42, 168),
(1101, 1030, 1044, 5, 93, 465),
(1102, 1030, 1015, 2, 54, 108),
(1103, 1030, 1033, 2, 62, 124),
(1104, 1031, 1005, 4, 74, 296),
(1105, 1031, 1041, 2, 76, 152),
(1106, 1032, 1037, 5, 25, 125),
(1107, 1032, 1003, 1, 50, 50),
(1108, 1032, 1021, 2, 22, 44),
(1109, 1032, 1023, 2, 12, 24),
(1110, 1032, 1036, 2, 42, 84),
(1111, 1033, 1045, 3, 66, 198),
(1112, 1033, 1023, 3, 48, 144),
(1113, 1033, 1038, 4, 93, 372),
(1114, 1033, 1006, 4, 21, 84),
(1115, 1034, 1020, 4, 70, 280),
(1116, 1034, 1015, 2, 55, 110),
(1117, 1034, 1014, 5, 41, 205),
(1118, 1034, 1010, 3, 16, 48),
(1119, 1035, 1033, 3, 25, 75),
(1120, 1035, 1043, 2, 90, 180),
(1121, 1035, 1025, 2, 68, 136),
(1122, 1035, 1019, 3, 66, 198),
(1123, 1035, 1037, 1, 21, 21),
(1124, 1036, 1015, 1, 33, 33),
(1125, 1037, 1004, 1, 61, 61),
(1126, 1037, 1047, 4, 67, 268),
(1127, 1038, 1024, 4, 17, 68),
(1128, 1038, 1002, 1, 23, 23),
(1129, 1038, 1040, 3, 62, 186),
(1130, 1038, 1021, 2, 37, 74),
(1131, 1038, 1022, 3, 47, 141),
(1132, 1039, 1042, 5, 97, 485),
(1133, 1039, 1002, 2, 55, 110),
(1134, 1040, 1011, 4, 49, 196),
(1135, 1040, 1042, 4, 91, 364),
(1136, 1040, 1022, 3, 32, 96),
(1137, 1041, 1005, 2, 47, 94),
(1138, 1041, 1003, 2, 25, 50),
(1139, 1041, 1002, 4, 33, 132),
(1140, 1041, 1013, 1, 50, 50),
(1141, 1042, 1010, 2, 34, 68),
(1142, 1042, 1028, 2, 100, 200),
(1143, 1042, 1022, 1, 22, 22),
(1144, 1042, 1044, 5, 80, 400),
(1145, 1043, 1018, 3, 30, 90),
(1146, 1043, 1038, 2, 11, 22),
(1147, 1043, 1025, 3, 92, 276),
(1148, 1043, 1038, 5, 11, 55),
(1149, 1044, 1006, 3, 79, 237),
(1150, 1044, 1010, 3, 74, 222),
(1151, 1045, 1045, 1, 83, 83),
(1152, 1045, 1031, 2, 35, 70),
(1153, 1045, 1022, 3, 97, 291),
(1154, 1045, 1017, 1, 49, 49),
(1155, 1045, 1033, 4, 31, 124),
(1156, 1046, 1040, 5, 59, 295),
(1157, 1046, 1003, 2, 16, 32),
(1158, 1046, 1018, 3, 49, 147),
(1159, 1046, 1003, 5, 94, 470),
(1160, 1047, 1029, 5, 44, 220),
(1161, 1047, 1003, 2, 44, 88),
(1162, 1047, 1029, 2, 37, 74),
(1163, 1048, 1031, 3, 81, 243),
(1164, 1048, 1042, 3, 26, 78),
(1165, 1048, 1023, 4, 48, 192),
(1166, 1048, 1014, 4, 15, 60),
(1167, 1048, 1048, 2, 37, 74),
(1168, 1049, 1002, 2, 76, 152),
(1169, 1049, 1001, 2, 90, 180),
(1170, 1050, 1005, 5, 61, 305),
(1171, 1050, 1015, 3, 91, 273);

INSERT INTO mermas (producto_id, cantidad, motivo, fecha_hora, usuario_id) VALUES
(1050, 2, 'Caducidad', '2026-05-02 13:23:46', 1025),
(1014, 1, 'Empaque dañado', '2026-03-24 16:42:14', 1021),
(1043, 5, 'Caducidad', '2026-03-10 14:33:56', 1036),
(1028, 1, 'Producto roto', '2026-04-10 05:40:58', 1026),
(1049, 5, 'Caducidad', '2026-05-22 01:11:14', 1031),
(1016, 5, 'Caducidad', '2026-04-29 14:06:34', 1036),
(1003, 1, 'Empaque dañado', '2026-04-13 17:52:31', 1026),
(1021, 1, 'Caducidad', '2026-03-21 04:41:42', 1022),
(1023, 1, 'Empaque dañado', '2026-03-14 16:33:12', 1039),
(1009, 5, 'Empaque dañado', '2026-03-24 06:08:56', 1024),
(1043, 3, 'Empaque dañado', '2026-03-29 01:46:41', 1028),
(1030, 1, 'Caducidad', '2026-05-25 04:43:41', 1018),
(1034, 1, 'Producto roto', '2026-03-01 10:57:08', 1050),
(1047, 4, 'Empaque dañado', '2026-05-23 13:17:14', 1047),
(1027, 5, 'Empaque dañado', '2026-05-30 17:13:03', 1038),
(1022, 4, 'Producto roto', '2026-04-15 13:15:32', 1003),
(1027, 5, 'Caducidad', '2026-03-05 20:26:01', 1039),
(1013, 5, 'Caducidad', '2026-03-11 17:37:15', 1047),
(1018, 4, 'Empaque dañado', '2026-03-10 23:53:37', 1040),
(1017, 5, 'Producto roto', '2026-05-16 06:06:48', 1046),
(1027, 5, 'Producto roto', '2026-03-18 21:10:00', 1024),
(1011, 5, 'Producto roto', '2026-03-02 10:51:29', 1019),
(1029, 5, 'Producto roto', '2026-05-29 02:07:15', 1034),
(1003, 2, 'Producto roto', '2026-04-28 13:55:17', 1031),
(1022, 1, 'Producto roto', '2026-04-18 11:46:40', 1023),
(1018, 4, 'Caducidad', '2026-04-04 09:51:48', 1031),
(1008, 5, 'Caducidad', '2026-03-02 05:44:50', 1015),
(1028, 2, 'Caducidad', '2026-03-04 03:17:00', 1010),
(1026, 1, 'Empaque dañado', '2026-05-23 03:43:59', 1009),
(1005, 4, 'Caducidad', '2026-03-02 03:34:21', 1020),
(1011, 5, 'Caducidad', '2026-05-18 19:51:56', 1035),
(1043, 1, 'Producto roto', '2026-05-20 21:53:42', 1002),
(1046, 4, 'Caducidad', '2026-05-27 12:52:41', 1037),
(1014, 4, 'Producto roto', '2026-05-15 22:07:14', 1014),
(1005, 3, 'Empaque dañado', '2026-05-18 05:22:07', 1021),
(1023, 2, 'Caducidad', '2026-03-21 15:06:58', 1021),
(1010, 3, 'Caducidad', '2026-04-06 07:09:28', 1050),
(1028, 4, 'Caducidad', '2026-03-16 11:20:08', 1003),
(1049, 3, 'Producto roto', '2026-04-22 20:14:05', 1004),
(1037, 3, 'Empaque dañado', '2026-05-14 13:52:49', 1004),
(1045, 2, 'Empaque dañado', '2026-03-07 22:15:25', 1026),
(1047, 2, 'Producto roto', '2026-05-09 19:50:48', 1004),
(1024, 5, 'Caducidad', '2026-04-19 04:18:42', 1044),
(1030, 2, 'Caducidad', '2026-04-03 10:36:11', 1044),
(1017, 2, 'Caducidad', '2026-05-14 19:26:51', 1027),
(1017, 3, 'Caducidad', '2026-06-05 06:23:04', 1042),
(1028, 3, 'Producto roto', '2026-05-28 02:34:31', 1048),
(1048, 5, 'Empaque dañado', '2026-03-13 07:10:47', 1018),
(1007, 5, 'Caducidad', '2026-03-24 04:32:21', 1035),
(1003, 3, 'Caducidad', '2026-04-01 00:20:04', 1019);

INSERT INTO compras (id, proveedor_id, usuario_id, total, estado, fecha_solicitud) VALUES
(1001, 1045, 1042, 1525, 'Completada', '2026-05-11 03:48:12'),
(1002, 1049, 1026, 3723, 'Completada', '2026-03-05 00:11:57'),
(1003, 1021, 1008, 3047, 'Completada', '2026-05-22 20:23:49'),
(1004, 1049, 1038, 1248, 'Completada', '2026-03-04 06:24:31'),
(1005, 1049, 1020, 1400, 'Completada', '2026-06-05 04:24:44'),
(1006, 1015, 1008, 3613, 'Completada', '2026-04-10 21:48:38'),
(1007, 1028, 1043, 1067, 'Completada', '2026-06-03 12:55:58'),
(1008, 1024, 1040, 1561, 'Completada', '2026-06-05 14:34:00'),
(1009, 1036, 1027, 975, 'Completada', '2026-03-03 04:14:31'),
(1010, 1026, 1018, 1911, 'Completada', '2026-05-13 13:20:46'),
(1011, 1017, 1002, 6487, 'Completada', '2026-04-20 00:33:12'),
(1012, 1035, 1050, 2923, 'Completada', '2026-05-07 20:55:23'),
(1013, 1026, 1048, 2804, 'Completada', '2026-04-22 17:01:09'),
(1014, 1021, 1001, 738, 'Completada', '2026-05-31 16:10:43'),
(1015, 1019, 1011, 2321, 'Completada', '2026-03-24 14:31:34'),
(1016, 1045, 1048, 799, 'Completada', '2026-04-06 17:21:18'),
(1017, 1017, 1006, 1392, 'Completada', '2026-03-22 03:58:50'),
(1018, 1029, 1003, 1652, 'Completada', '2026-05-12 18:45:56'),
(1019, 1023, 1029, 2481, 'Completada', '2026-03-03 22:17:55'),
(1020, 1047, 1047, 176, 'Completada', '2026-04-02 05:21:42'),
(1021, 1003, 1029, 996, 'Completada', '2026-03-08 02:27:54'),
(1022, 1030, 1004, 1747, 'Completada', '2026-05-14 20:31:18'),
(1023, 1042, 1027, 1670, 'Completada', '2026-05-30 09:08:43'),
(1024, 1008, 1004, 793, 'Completada', '2026-05-04 08:06:13'),
(1025, 1020, 1040, 1880, 'Completada', '2026-06-02 00:28:26'),
(1026, 1034, 1035, 1240, 'Completada', '2026-03-20 03:20:55'),
(1027, 1029, 1007, 1764, 'Completada', '2026-06-04 22:22:47'),
(1028, 1034, 1002, 522, 'Completada', '2026-03-15 03:06:46'),
(1029, 1017, 1023, 180, 'Completada', '2026-04-22 00:55:53'),
(1030, 1038, 1033, 2225, 'Completada', '2026-06-02 01:43:27'),
(1031, 1023, 1008, 1435, 'Completada', '2026-03-26 03:38:41'),
(1032, 1037, 1032, 2089, 'Completada', '2026-05-28 19:45:17'),
(1033, 1039, 1017, 870, 'Completada', '2026-03-17 02:42:05'),
(1034, 1033, 1043, 2413, 'Completada', '2026-03-28 05:39:58'),
(1035, 1044, 1028, 150, 'Completada', '2026-06-04 21:32:32'),
(1036, 1024, 1034, 498, 'Completada', '2026-04-18 07:43:17'),
(1037, 1033, 1050, 3215, 'Completada', '2026-05-17 16:59:56'),
(1038, 1034, 1035, 880, 'Completada', '2026-05-24 00:00:38'),
(1039, 1039, 1018, 1092, 'Completada', '2026-04-25 04:45:23'),
(1040, 1032, 1029, 1198, 'Completada', '2026-03-07 06:34:28'),
(1041, 1040, 1044, 2211, 'Completada', '2026-03-04 20:12:13'),
(1042, 1034, 1021, 470, 'Completada', '2026-05-04 17:59:58'),
(1043, 1040, 1025, 4550, 'Completada', '2026-04-14 12:51:52'),
(1044, 1049, 1004, 2331, 'Completada', '2026-03-11 13:12:12'),
(1045, 1035, 1026, 1254, 'Completada', '2026-04-16 07:34:37'),
(1046, 1015, 1024, 1980, 'Completada', '2026-03-22 20:02:11'),
(1047, 1047, 1006, 2864, 'Completada', '2026-05-20 13:56:13'),
(1048, 1037, 1030, 2628, 'Completada', '2026-05-06 02:40:21'),
(1049, 1015, 1025, 2090, 'Completada', '2026-04-24 00:16:48'),
(1050, 1013, 1016, 3474, 'Completada', '2026-04-19 18:33:33');

INSERT INTO compra_detalles (id, compra_id, producto_id, cantidad, precio_unitario, subtotal) VALUES
(1001, 1001, 1017, 14, 6, 84),
(1002, 1001, 1022, 10, 46, 460),
(1003, 1001, 1048, 34, 9, 306),
(1004, 1001, 1031, 15, 45, 675),
(1005, 1002, 1018, 33, 19, 627),
(1006, 1002, 1040, 27, 37, 999),
(1007, 1002, 1040, 47, 41, 1927),
(1008, 1002, 1001, 10, 17, 170),
(1009, 1003, 1049, 49, 13, 637),
(1010, 1003, 1003, 45, 18, 810),
(1011, 1003, 1035, 37, 20, 740),
(1012, 1003, 1040, 20, 43, 860),
(1013, 1004, 1032, 14, 36, 504),
(1014, 1004, 1035, 24, 31, 744),
(1015, 1005, 1011, 35, 33, 1155),
(1016, 1005, 1030, 35, 7, 245),
(1017, 1006, 1005, 44, 43, 1892),
(1018, 1006, 1013, 21, 17, 357),
(1019, 1006, 1039, 44, 31, 1364),
(1020, 1007, 1035, 21, 17, 357),
(1021, 1007, 1035, 14, 30, 420),
(1022, 1007, 1001, 10, 29, 290),
(1023, 1008, 1010, 25, 15, 375),
(1024, 1008, 1047, 43, 6, 258),
(1025, 1008, 1037, 29, 32, 928),
(1026, 1009, 1002, 15, 13, 195),
(1027, 1009, 1033, 15, 47, 705),
(1028, 1009, 1025, 15, 5, 75),
(1029, 1010, 1046, 25, 43, 1075),
(1030, 1010, 1021, 22, 38, 836),
(1031, 1011, 1046, 48, 50, 2400),
(1032, 1011, 1042, 38, 26, 988),
(1033, 1011, 1036, 35, 37, 1295),
(1034, 1011, 1022, 44, 41, 1804),
(1035, 1012, 1048, 43, 28, 1204),
(1036, 1012, 1041, 13, 48, 624),
(1037, 1012, 1043, 23, 30, 690),
(1038, 1012, 1038, 45, 9, 405),
(1039, 1013, 1048, 48, 17, 816),
(1040, 1013, 1017, 18, 38, 684),
(1041, 1013, 1004, 22, 30, 660),
(1042, 1013, 1031, 23, 28, 644),
(1043, 1014, 1048, 41, 18, 738),
(1044, 1015, 1028, 20, 46, 920),
(1045, 1015, 1040, 38, 13, 494),
(1046, 1015, 1021, 17, 34, 578),
(1047, 1015, 1038, 47, 7, 329),
(1048, 1016, 1024, 31, 8, 248),
(1049, 1016, 1003, 19, 29, 551),
(1050, 1017, 1023, 26, 17, 442),
(1051, 1017, 1046, 19, 50, 950),
(1052, 1018, 1010, 11, 18, 198),
(1053, 1018, 1010, 19, 41, 779),
(1054, 1018, 1050, 15, 45, 675),
(1055, 1019, 1038, 34, 21, 714),
(1056, 1019, 1034, 14, 12, 168),
(1057, 1019, 1039, 41, 39, 1599),
(1058, 1020, 1001, 22, 8, 176),
(1059, 1021, 1038, 22, 28, 616),
(1060, 1021, 1006, 10, 38, 380),
(1061, 1022, 1025, 24, 25, 600),
(1062, 1022, 1004, 37, 31, 1147),
(1063, 1023, 1005, 41, 11, 451),
(1064, 1023, 1019, 10, 34, 340),
(1065, 1023, 1007, 35, 5, 175),
(1066, 1023, 1020, 22, 32, 704),
(1067, 1024, 1015, 27, 13, 351),
(1068, 1024, 1043, 17, 26, 442),
(1069, 1025, 1022, 34, 10, 340),
(1070, 1025, 1037, 37, 22, 814),
(1071, 1025, 1008, 22, 33, 726),
(1072, 1026, 1002, 31, 40, 1240),
(1073, 1027, 1006, 36, 49, 1764),
(1074, 1028, 1025, 29, 18, 522),
(1075, 1029, 1013, 20, 9, 180),
(1076, 1030, 1017, 31, 44, 1364),
(1077, 1030, 1017, 41, 21, 861),
(1078, 1031, 1048, 35, 41, 1435),
(1079, 1032, 1027, 24, 42, 1008),
(1080, 1032, 1032, 14, 32, 448),
(1081, 1032, 1048, 25, 13, 325),
(1082, 1032, 1038, 14, 22, 308),
(1083, 1033, 1033, 10, 24, 240),
(1084, 1033, 1045, 18, 35, 630),
(1085, 1034, 1026, 38, 14, 532),
(1086, 1034, 1006, 47, 23, 1081),
(1087, 1034, 1045, 40, 20, 800),
(1088, 1035, 1016, 15, 10, 150),
(1089, 1036, 1015, 39, 6, 234),
(1090, 1036, 1014, 33, 8, 264),
(1091, 1037, 1012, 24, 30, 720),
(1092, 1037, 1014, 34, 8, 272),
(1093, 1037, 1037, 38, 49, 1862),
(1094, 1037, 1005, 19, 19, 361),
(1095, 1038, 1028, 34, 8, 272),
(1096, 1038, 1037, 38, 16, 608),
(1097, 1039, 1007, 28, 39, 1092),
(1098, 1040, 1034, 45, 10, 450),
(1099, 1040, 1023, 16, 10, 160),
(1100, 1040, 1032, 42, 14, 588),
(1101, 1041, 1013, 32, 23, 736),
(1102, 1041, 1011, 25, 23, 575),
(1103, 1041, 1012, 50, 18, 900),
(1104, 1042, 1038, 10, 47, 470),
(1105, 1043, 1011, 45, 42, 1890),
(1106, 1043, 1006, 36, 20, 720),
(1107, 1043, 1022, 30, 36, 1080),
(1108, 1043, 1007, 43, 20, 860),
(1109, 1044, 1048, 45, 43, 1935),
(1110, 1044, 1050, 44, 9, 396),
(1111, 1045, 1006, 21, 14, 294),
(1112, 1045, 1027, 48, 20, 960),
(1113, 1046, 1010, 45, 44, 1980),
(1114, 1047, 1029, 39, 6, 234),
(1115, 1047, 1007, 26, 43, 1118),
(1116, 1047, 1022, 32, 41, 1312),
(1117, 1047, 1020, 10, 20, 200),
(1118, 1048, 1035, 20, 23, 460),
(1119, 1048, 1020, 43, 8, 344),
(1120, 1048, 1007, 38, 48, 1824),
(1121, 1049, 1038, 39, 25, 975),
(1122, 1049, 1022, 38, 10, 380),
(1123, 1049, 1036, 21, 35, 735),
(1124, 1050, 1034, 24, 27, 648),
(1125, 1050, 1038, 38, 22, 836),
(1126, 1050, 1012, 19, 26, 494),
(1127, 1050, 1016, 44, 34, 1496);

INSERT INTO caja_movimientos (turno_id, tipo, concepto, monto, fecha_hora) VALUES
(1030, 'SALIDA', 'Retiro de efectivo', 399, '2026-04-11 00:29:05'),
(1002, 'SALIDA', 'Fondo extra', 866, '2026-03-24 08:42:59'),
(1025, 'ENTRADA', 'Retiro de efectivo', 155, '2026-03-03 00:52:36'),
(1001, 'SALIDA', 'Retiro de efectivo', 633, '2026-05-25 00:37:32'),
(1027, 'ENTRADA', 'Fondo extra', 108, '2026-04-04 11:47:05'),
(1047, 'ENTRADA', 'Retiro de efectivo', 870, '2026-03-18 22:04:34'),
(1018, 'SALIDA', 'Servicios', 995, '2026-03-24 11:24:04'),
(1038, 'ENTRADA', 'Fondo extra', 563, '2026-03-18 00:10:28'),
(1005, 'ENTRADA', 'Servicios', 750, '2026-06-06 22:45:26'),
(1033, 'SALIDA', 'Retiro de efectivo', 554, '2026-06-03 06:38:13'),
(1032, 'ENTRADA', 'Pago a proveedor', 748, '2026-05-14 07:05:59'),
(1001, 'ENTRADA', 'Servicios', 799, '2026-04-06 04:24:58'),
(1010, 'ENTRADA', 'Servicios', 226, '2026-03-01 14:11:00'),
(1026, 'ENTRADA', 'Servicios', 419, '2026-03-30 08:23:55'),
(1023, 'SALIDA', 'Retiro de efectivo', 673, '2026-04-17 04:43:34'),
(1026, 'SALIDA', 'Servicios', 388, '2026-04-09 18:43:55'),
(1017, 'SALIDA', 'Fondo extra', 861, '2026-03-29 07:28:12'),
(1038, 'ENTRADA', 'Fondo extra', 892, '2026-04-15 06:27:02'),
(1027, 'ENTRADA', 'Servicios', 451, '2026-05-09 17:20:04'),
(1028, 'ENTRADA', 'Retiro de efectivo', 424, '2026-04-26 04:31:40'),
(1020, 'ENTRADA', 'Fondo extra', 708, '2026-04-27 23:36:47'),
(1021, 'SALIDA', 'Retiro de efectivo', 315, '2026-04-04 12:29:11'),
(1016, 'ENTRADA', 'Servicios', 700, '2026-05-11 20:24:27'),
(1021, 'SALIDA', 'Fondo extra', 584, '2026-03-16 19:30:51'),
(1009, 'ENTRADA', 'Servicios', 795, '2026-04-13 12:54:26'),
(1022, 'ENTRADA', 'Servicios', 794, '2026-03-25 01:27:37'),
(1047, 'SALIDA', 'Fondo extra', 582, '2026-06-06 10:11:23'),
(1009, 'SALIDA', 'Pago a proveedor', 189, '2026-03-29 07:48:28'),
(1010, 'ENTRADA', 'Pago a proveedor', 534, '2026-05-03 15:55:01'),
(1038, 'ENTRADA', 'Pago a proveedor', 454, '2026-05-29 23:04:37'),
(1008, 'SALIDA', 'Servicios', 820, '2026-05-02 17:59:23'),
(1021, 'SALIDA', 'Fondo extra', 761, '2026-05-16 21:19:16'),
(1013, 'ENTRADA', 'Retiro de efectivo', 849, '2026-04-12 19:47:31'),
(1027, 'ENTRADA', 'Pago a proveedor', 915, '2026-05-21 19:18:41'),
(1009, 'SALIDA', 'Pago a proveedor', 126, '2026-03-17 15:36:57'),
(1042, 'ENTRADA', 'Servicios', 561, '2026-05-26 20:26:31'),
(1044, 'ENTRADA', 'Fondo extra', 448, '2026-03-14 19:27:53'),
(1013, 'ENTRADA', 'Retiro de efectivo', 647, '2026-04-13 23:02:34'),
(1003, 'SALIDA', 'Pago a proveedor', 204, '2026-04-20 09:09:29'),
(1011, 'SALIDA', 'Retiro de efectivo', 593, '2026-05-30 20:10:27'),
(1042, 'SALIDA', 'Pago a proveedor', 568, '2026-05-29 22:59:46'),
(1006, 'ENTRADA', 'Fondo extra', 138, '2026-04-28 01:36:52'),
(1021, 'SALIDA', 'Pago a proveedor', 758, '2026-05-01 02:55:07'),
(1013, 'SALIDA', 'Fondo extra', 777, '2026-05-22 07:00:57'),
(1013, 'ENTRADA', 'Retiro de efectivo', 788, '2026-03-11 07:36:32'),
(1037, 'SALIDA', 'Fondo extra', 611, '2026-05-17 21:51:50'),
(1010, 'SALIDA', 'Retiro de efectivo', 447, '2026-05-06 10:08:00'),
(1040, 'SALIDA', 'Retiro de efectivo', 650, '2026-05-02 03:25:37'),
(1031, 'SALIDA', 'Pago a proveedor', 492, '2026-05-24 15:54:46'),
(1002, 'SALIDA', 'Pago a proveedor', 387, '2026-06-05 10:33:09');

INSERT INTO auditoria_registros (fecha_hora, usuario_nombre, evento, detalle) VALUES
('2026-04-09 14:07:40', 'Usuario Generico 9', 'MERMA', 'Acción realizada en el sistema con ID 910'),
('2026-03-19 04:36:58', 'Usuario Generico 9', 'MERMA', 'Acción realizada en el sistema con ID 679'),
('2026-04-13 11:17:49', 'Usuario Generico 5', 'EDICION', 'Acción realizada en el sistema con ID 584'),
('2026-05-01 22:02:26', 'Usuario Generico 5', 'CAMBIO_DE_PRECIO', 'Acción realizada en el sistema con ID 507'),
('2026-03-14 07:45:21', 'Usuario Generico 9', 'EDICION', 'Acción realizada en el sistema con ID 657'),
('2026-04-24 06:57:46', 'Usuario Generico 5', 'EDICION', 'Acción realizada en el sistema con ID 416'),
('2026-04-02 08:46:44', 'Usuario Generico 9', 'MERMA', 'Acción realizada en el sistema con ID 584'),
('2026-03-01 08:10:27', 'Usuario Generico 2', 'CANCELACION', 'Acción realizada en el sistema con ID 646'),
('2026-04-30 04:50:10', 'Usuario Generico 10', 'LOGIN', 'Acción realizada en el sistema con ID 177'),
('2026-03-20 01:28:45', 'Usuario Generico 8', 'LOGIN', 'Acción realizada en el sistema con ID 770'),
('2026-03-08 21:08:44', 'Usuario Generico 7', 'CAMBIO_DE_PRECIO', 'Acción realizada en el sistema con ID 972'),
('2026-05-08 17:15:39', 'Usuario Generico 4', 'CANCELACION', 'Acción realizada en el sistema con ID 918'),
('2026-05-08 17:27:29', 'Usuario Generico 8', 'MERMA', 'Acción realizada en el sistema con ID 877'),
('2026-05-19 13:47:57', 'Usuario Generico 4', 'EDICION', 'Acción realizada en el sistema con ID 241'),
('2026-05-20 18:26:08', 'Usuario Generico 9', 'CANCELACION', 'Acción realizada en el sistema con ID 348'),
('2026-03-22 03:06:05', 'Usuario Generico 4', 'CAMBIO_DE_PRECIO', 'Acción realizada en el sistema con ID 690'),
('2026-05-29 20:46:00', 'Usuario Generico 3', 'MERMA', 'Acción realizada en el sistema con ID 265'),
('2026-03-04 12:12:41', 'Usuario Generico 3', 'MERMA', 'Acción realizada en el sistema con ID 519'),
('2026-05-24 19:06:49', 'Usuario Generico 7', 'LOGIN', 'Acción realizada en el sistema con ID 308'),
('2026-06-03 13:35:10', 'Usuario Generico 10', 'CAMBIO_DE_PRECIO', 'Acción realizada en el sistema con ID 579'),
('2026-03-22 05:21:05', 'Usuario Generico 10', 'CAMBIO_DE_PRECIO', 'Acción realizada en el sistema con ID 685'),
('2026-03-31 14:28:39', 'Usuario Generico 9', 'MERMA', 'Acción realizada en el sistema con ID 803'),
('2026-03-18 12:34:29', 'Usuario Generico 5', 'MERMA', 'Acción realizada en el sistema con ID 476'),
('2026-03-10 16:52:32', 'Usuario Generico 4', 'MERMA', 'Acción realizada en el sistema con ID 362'),
('2026-05-12 23:46:23', 'Usuario Generico 8', 'EDICION', 'Acción realizada en el sistema con ID 436'),
('2026-05-06 12:04:17', 'Usuario Generico 6', 'CAMBIO_DE_PRECIO', 'Acción realizada en el sistema con ID 134'),
('2026-06-03 20:00:00', 'Usuario Generico 8', 'CAMBIO_DE_PRECIO', 'Acción realizada en el sistema con ID 991'),
('2026-04-26 04:57:41', 'Usuario Generico 1', 'LOGIN', 'Acción realizada en el sistema con ID 940'),
('2026-04-21 23:33:25', 'Usuario Generico 2', 'EDICION', 'Acción realizada en el sistema con ID 855'),
('2026-03-13 03:13:44', 'Usuario Generico 4', 'CANCELACION', 'Acción realizada en el sistema con ID 623'),
('2026-04-01 05:53:14', 'Usuario Generico 4', 'EDICION', 'Acción realizada en el sistema con ID 796'),
('2026-05-10 02:40:43', 'Usuario Generico 9', 'MERMA', 'Acción realizada en el sistema con ID 778'),
('2026-03-02 06:06:59', 'Usuario Generico 8', 'CAMBIO_DE_PRECIO', 'Acción realizada en el sistema con ID 701'),
('2026-06-05 07:20:31', 'Usuario Generico 9', 'EDICION', 'Acción realizada en el sistema con ID 882'),
('2026-04-23 06:57:24', 'Usuario Generico 6', 'CANCELACION', 'Acción realizada en el sistema con ID 192'),
('2026-05-19 17:21:17', 'Usuario Generico 8', 'LOGIN', 'Acción realizada en el sistema con ID 178'),
('2026-05-02 22:47:38', 'Usuario Generico 6', 'CAMBIO_DE_PRECIO', 'Acción realizada en el sistema con ID 598'),
('2026-04-21 04:11:07', 'Usuario Generico 2', 'EDICION', 'Acción realizada en el sistema con ID 443'),
('2026-05-14 23:13:17', 'Usuario Generico 7', 'LOGIN', 'Acción realizada en el sistema con ID 378'),
('2026-04-22 05:03:34', 'Usuario Generico 1', 'LOGIN', 'Acción realizada en el sistema con ID 372'),
('2026-05-31 12:07:38', 'Usuario Generico 6', 'LOGIN', 'Acción realizada en el sistema con ID 922'),
('2026-06-05 18:25:41', 'Usuario Generico 3', 'LOGIN', 'Acción realizada en el sistema con ID 325'),
('2026-04-19 03:20:08', 'Usuario Generico 9', 'EDICION', 'Acción realizada en el sistema con ID 928'),
('2026-03-14 12:46:34', 'Usuario Generico 5', 'CAMBIO_DE_PRECIO', 'Acción realizada en el sistema con ID 818'),
('2026-03-16 22:40:10', 'Usuario Generico 7', 'CAMBIO_DE_PRECIO', 'Acción realizada en el sistema con ID 284'),
('2026-05-04 11:36:51', 'Usuario Generico 3', 'CANCELACION', 'Acción realizada en el sistema con ID 457'),
('2026-04-27 21:24:03', 'Usuario Generico 2', 'CANCELACION', 'Acción realizada en el sistema con ID 876'),
('2026-04-18 11:42:03', 'Usuario Generico 9', 'LOGIN', 'Acción realizada en el sistema con ID 910'),
('2026-03-28 12:27:55', 'Usuario Generico 5', 'LOGIN', 'Acción realizada en el sistema con ID 111'),
('2026-06-02 20:15:14', 'Usuario Generico 10', 'EDICION', 'Acción realizada en el sistema con ID 429');

INSERT INTO caja_cortes (turno_id, total_calculado, total_real, fecha_corte) VALUES
(1046, 4207, 1918, '2026-05-02 21:20:07'),
(1007, 2413, 4585, '2026-04-04 21:15:49'),
(1003, 4750, 2259, '2026-06-03 06:36:58'),
(1012, 4866, 4370, '2026-04-30 03:35:13'),
(1036, 3268, 1862, '2026-05-17 16:34:26'),
(1014, 4281, 3519, '2026-04-16 22:00:08'),
(1002, 4500, 3767, '2026-03-11 19:58:48'),
(1025, 2214, 3455, '2026-05-11 20:02:17'),
(1025, 2389, 4753, '2026-05-03 21:56:03'),
(1006, 3761, 4786, '2026-03-19 11:16:18'),
(1048, 4211, 3519, '2026-05-22 17:29:00'),
(1004, 4713, 3365, '2026-05-05 14:19:45'),
(1032, 4054, 2884, '2026-04-02 16:57:56'),
(1018, 4945, 4242, '2026-03-13 11:37:33'),
(1037, 4470, 2847, '2026-05-27 00:22:39'),
(1038, 4082, 2881, '2026-03-02 00:58:19'),
(1044, 2855, 4672, '2026-05-21 17:41:44'),
(1019, 3239, 4897, '2026-04-15 02:33:29'),
(1021, 2904, 3554, '2026-05-04 00:12:34'),
(1035, 4557, 3331, '2026-05-20 07:20:02'),
(1049, 4140, 4815, '2026-03-27 16:08:21'),
(1044, 3941, 3834, '2026-03-28 02:17:07'),
(1029, 3304, 2729, '2026-05-01 18:00:04'),
(1031, 4603, 2391, '2026-04-19 17:57:01'),
(1025, 4636, 3708, '2026-05-04 19:36:13'),
(1006, 2994, 3361, '2026-04-27 18:27:07'),
(1050, 3003, 3052, '2026-03-30 01:01:28'),
(1024, 3391, 2641, '2026-03-18 18:13:58'),
(1015, 3510, 2346, '2026-03-28 11:51:25'),
(1020, 4081, 2254, '2026-04-24 00:18:13'),
(1001, 3861, 4100, '2026-03-10 05:54:52'),
(1026, 2819, 3807, '2026-05-31 19:03:08'),
(1027, 2589, 3273, '2026-03-19 09:22:41'),
(1017, 3752, 2879, '2026-06-03 23:54:59'),
(1013, 3330, 1805, '2026-03-22 16:23:11'),
(1040, 3713, 4503, '2026-04-09 18:21:12'),
(1024, 3822, 4498, '2026-05-17 20:23:28'),
(1013, 2019, 3669, '2026-04-06 11:50:49'),
(1015, 4786, 4892, '2026-03-29 09:19:21'),
(1008, 2295, 2238, '2026-05-12 10:49:26'),
(1028, 4997, 4565, '2026-03-17 00:02:48'),
(1043, 3757, 4239, '2026-03-02 07:58:10'),
(1012, 3569, 2678, '2026-04-17 22:03:27'),
(1042, 3195, 3717, '2026-04-05 04:14:44'),
(1025, 3581, 2472, '2026-05-28 08:45:09'),
(1018, 2788, 2285, '2026-04-17 22:28:26'),
(1021, 3735, 2980, '2026-04-30 22:18:24'),
(1039, 3658, 2834, '2026-05-09 12:19:00'),
(1020, 4943, 4107, '2026-04-16 16:07:50'),
(1003, 4325, 2046, '2026-05-19 20:33:09');

INSERT INTO reportes (tipo, generado_por, fecha_generacion) VALUES
('Reporte de Mermas', 1029, '2026-05-01 09:45:36'),
('Ventas por dia', 1026, '2026-04-09 21:44:28'),
('Movimientos de caja', 1021, '2026-03-24 19:14:04'),
('Reporte de Mermas', 1047, '2026-04-28 16:54:14'),
('Movimientos de caja', 1011, '2026-05-01 15:16:24'),
('Movimientos de caja', 1018, '2026-06-02 09:04:22'),
('Movimientos de caja', 1015, '2026-04-11 21:11:42'),
('Top productos vendidos', 1025, '2026-04-10 15:12:07'),
('Movimientos de caja', 1047, '2026-04-10 12:09:08'),
('Movimientos de caja', 1035, '2026-04-25 02:38:12'),
('Movimientos de caja', 1043, '2026-05-24 19:29:25'),
('Reporte de Mermas', 1009, '2026-05-27 07:56:53'),
('Top productos vendidos', 1035, '2026-03-02 11:46:07'),
('Reporte de Mermas', 1044, '2026-03-15 07:09:16'),
('Reporte de Mermas', 1029, '2026-05-22 06:22:53'),
('Ventas por dia', 1003, '2026-03-07 19:39:36'),
('Reporte de Mermas', 1037, '2026-03-15 17:03:56'),
('Movimientos de caja', 1018, '2026-03-19 23:25:36'),
('Reporte de Mermas', 1046, '2026-04-09 14:11:52'),
('Reporte de Mermas', 1037, '2026-05-04 03:03:56'),
('Reporte de Mermas', 1050, '2026-06-03 21:30:52'),
('Movimientos de caja', 1009, '2026-06-04 23:41:16'),
('Reporte de Mermas', 1018, '2026-03-07 08:24:04'),
('Reporte de Mermas', 1044, '2026-06-03 00:43:44'),
('Ventas por dia', 1032, '2026-03-04 06:57:26'),
('Top productos vendidos', 1049, '2026-05-23 02:57:44'),
('Top productos vendidos', 1017, '2026-03-24 01:28:36'),
('Movimientos de caja', 1025, '2026-04-27 09:27:41'),
('Movimientos de caja', 1024, '2026-03-04 04:27:28'),
('Reporte de Mermas', 1008, '2026-04-07 02:32:53'),
('Ventas por dia', 1038, '2026-04-08 16:39:22'),
('Reporte de Mermas', 1049, '2026-05-24 20:31:16'),
('Ventas por dia', 1023, '2026-05-27 01:35:27'),
('Movimientos de caja', 1037, '2026-05-14 08:10:09'),
('Top productos vendidos', 1047, '2026-05-15 09:01:58'),
('Movimientos de caja', 1012, '2026-03-27 10:46:12'),
('Ventas por dia', 1004, '2026-05-09 23:52:16'),
('Movimientos de caja', 1044, '2026-03-06 00:55:27'),
('Movimientos de caja', 1029, '2026-05-22 21:15:25'),
('Ventas por dia', 1005, '2026-05-30 02:09:04'),
('Reporte de Mermas', 1047, '2026-04-05 15:20:04'),
('Reporte de Mermas', 1036, '2026-05-29 15:09:28'),
('Ventas por dia', 1045, '2026-06-05 15:20:56'),
('Top productos vendidos', 1026, '2026-05-18 06:19:11'),
('Ventas por dia', 1023, '2026-06-03 22:22:17'),
('Reporte de Mermas', 1042, '2026-05-16 10:05:34'),
('Ventas por dia', 1039, '2026-05-20 16:08:01'),
('Movimientos de caja', 1006, '2026-03-05 15:29:54'),
('Ventas por dia', 1032, '2026-03-25 04:27:25'),
('Top productos vendidos', 1029, '2026-03-13 06:06:22');

